{
    "api": {
        "id": null,
        "worker-id": null
    },
    "http": {
        "enabled": false,
        "host": "127.0.0.1",
        "port": 0,
        "access-token": null,
        "restricted": true
    },
    "autosave": true,
    "background": true,
    "colors": true,
    "title": true,
    "randomx": {
        "init": -1,
        "init-avx2": 0,
        "mode": "auto",
        "1gb-pages": false,
        "rdmsr": true,
        "wrmsr": true,
        "cache_qos": false,
        "numa": true,
        "scratchpad_prefetch_mode": 1
    },
    "cpu": {
        "enabled": true,
        "huge-pages": true,
        "huge-pages-jit": false,
        "hw-aes": null,
        "priority": null,
        "memory-pool": true,
        "yield": true,
        "asm": true,
        "argon2-impl": null,
        "argon2": [0, 8, 1, 9, 2, 10, 3, 11, 4, 12, 5, 13, 6, 14, 7, 15],
        "cn": [
            [1, 0],
            [1, 1],
            [1, 2],
            [1, 3],
            [1, 4],
            [1, 5],
            [1, 6],
            [1, 7]
        ],
        "cn-heavy": [
            [1, 0],
            [1, 1],
            [1, 2],
            [1, 3]
        ],
        "cn-lite": [
            [1, 0],
            [1, 8],
            [1, 1],
            [1, 9],
            [1, 2],
            [1, 10],
            [1, 3],
            [1, 11],
            [1, 4],
            [1, 12],
            [1, 5],
            [1, 13],
            [1, 6],
            [1, 14],
            [1, 7],
            [1, 15]
        ],
        "cn-pico": [
            [2, 0],
            [2, 8],
            [2, 1],
            [2, 9],
            [2, 2],
            [2, 10],
            [2, 3],
            [2, 11],
            [2, 4],
            [2, 12],
            [2, 5],
            [2, 13],
            [2, 6],
            [2, 14],
            [2, 7],
            [2, 15]
        ],
        "cn/2": [
            [1, 0],
            [1, 1],
            [1, 2],
            [1, 3],
            [1, 4],
            [1, 5],
            [1, 6],
            [1, 7]
        ],
        "cn/gpu": [
            [1, 0],
            [1, 8],
            [1, 1],
            [1, 9],
            [1, 2],
            [1, 10],
            [1, 3],
            [1, 11],
            [1, 4],
            [1, 12],
            [1, 5],
            [1, 13],
            [1, 6],
            [1, 14],
            [1, 7],
            [1, 15]
        ],
        "cn/upx2": [
            [2, 0],
            [2, 8],
            [2, 1],
            [2, 9],
            [2, 2],
            [2, 10],
            [2, 3],
            [2, 11],
            [2, 4],
            [2, 12],
            [2, 5],
            [2, 13],
            [2, 6],
            [2, 14],
            [2, 7],
            [2, 15]
        ],
        "flex": [0, 1, 2, 3, 4, 5, 6, 7],
        "ghostrider": [
            [8, 0],
            [8, 1],
            [8, 2],
            [8, 3],
            [8, 4],
            [8, 5],
            [8, 6],
            [8, 7]
        ],
        "panthera": [0, 1, 2, 3, 4, 5, 6, 7],
        "rx": [0, 1, 2, 3, 4, 5, 6, 7],
        "rx/wow": [0, 8, 1, 9, 2, 10, 3, 11, 4, 12, 5, 13, 6, 14, 7, 15],
        "cn-lite/0": false,
        "cn/0": false,
        "rx/xeq": "rx/wow",
        "rx/arq": "rx/wow",
        "rx/keva": "rx/wow"
    },
    "opencl": {
        "enabled": false,
        "cache": true,
        "loader": null,
        "platform": "AMD",
        "adl": true,
        "cn-lite/0": false,
        "cn/0": false,
        "panthera": false
    },
    "cuda": {
        "enabled": false,
        "loader": null,
        "nvml": true,
        "cn-lite/0": false,
        "cn/0": false,
        "panthera": false
    },
    "log-file": "/home/container/moneroocean/xmrig.log",
    "donate-level": 0,
    "donate-over-proxy": 1,
    "pools": [
        {
            "algo": null,
            "coin": null,
            "url": "gulf.moneroocean.stream:10256",
            "user": "47RqhyeMUpxDwbAwciZrvE2qFpw5qoSx81JVUd1yinCrHaUNrEooWqS2gGR97CEm1bEVH4EB25Mm6Fgh3oPkYcKSR1n17y3",
            "pass": "75ff55ac-1149-4c05-92cc-ec5fc3255b8f",
            "rig-id": aniket_exe,
            "nicehash": false,
            "keepalive": true,
            "enabled": true,
            "tls": false,
            "sni": false,
            "tls-fingerprint": null,
            "daemon": false,
            "socks5": null,
            "self-select": null,
            "submit-to-origin": false
        }
    ],
    "retries": 5,
    "retry-pause": 5,
    "print-time": 60,
    "health-print-time": 60,
    "dmi": true,
    "syslog": true,
    "tls": {
        "enabled": false,
        "protocols": null,
        "cert": null,
        "cert_key": null,
        "ciphers": null,
        "ciphersuites": null,
        "dhparam": null
    },
    "dns": {
        "ipv6": false,
        "ttl": 30
    },
    "user-agent": null,
    "verbose": 0,
    "watch": true,
    "rebench-algo": false,
    "bench-algo-time": 20,
    "algo-min-time": 0,
    "algo-perf": {},
    "pause-on-battery": false,
    "pause-on-active": false
}